filename,model,time (sec),Precision %,Recall %,F1 %
musicians_viewunion,deberta_base,0.8049796507693827,79.9999840000032,66.66665555555741,72.72720991739145
