filename,model,time (sec),Precision %,Recall %,F1 %
musicians_semjoinable,deberta_base,0.9407770936377347,66.66665555555741,49.99999375000079,57.14280000004287
