filename,model,time (sec),Precision %,Recall %,F1 %
musicians_unionable,deberta_base,1.9427508753724396,66.66666296296316,59.99999700000015,63.15784155128606
