filename,model,time (sec),Precision %,Recall %,F1 %
musicians_joinable,deberta_base,0.8443688689731061,79.9999840000032,66.66665555555741,72.72720991739145
